Vin_0,Vin_1,Output
0.1781885527495151,1.7052000789923567,INDEFINIDO
0.1581244266134614,4.722449516467967,HIGH
1.4027031609089367,4.99492483339696,INDEFINIDO
0.9189760374214314,2.502357746541893,HIGH
3.9499219051116734,2.5543168763202875,HIGH
3.7300143340661926,0.018348422839499334,HIGH
0.4675274711683747,2.702115329997039,HIGH
0.1432462488448308,1.3759527765622461,INDEFINIDO
1.5244675683022377,1.6487000884504082,INDEFINIDO
0.1779985358364989,0.9923751630251475,LOW
1.8783086205604702,3.9899501967302613,INDEFINIDO
4.4980197567190086,2.665980563396058,HIGH
1.5185423049214308,1.895827892856345,INDEFINIDO
0.5002780870991537,1.1091478547639124,LOW
0.6861072342115512,4.633175316195292,HIGH
1.2224482179438698,1.2685103470115018,LOW
1.8399084700617205,4.979186980120727,INDEFINIDO
1.5855819840272887,3.599559342487811,INDEFINIDO
1.7380286058729244,1.6978926987126266,INDEFINIDO
1.0027985851793921,0.7466762138679053,LOW
1.6392836669527777,3.6782371761122303,INDEFINIDO
1.9792875616083458,1.5431759529246087,INDEFINIDO
3.380133224499079,3.2346151696093983,HIGH
0.0728226671806521,1.6288620199701174,INDEFINIDO
0.22302476815101427,3.132489820580365,HIGH
0.12771794627343544,1.3202222720267995,INDEFINIDO
2.9501889721025374,4.6805521252801885,HIGH
1.8783776625460673,1.40185282269546,INDEFINIDO
3.8637085073784445,4.138367353139252,HIGH
1.051469252080312,1.3451585155269041,INDEFINIDO
0.4618789660717732,1.365537915941249,INDEFINIDO
1.6046749887079514,3.9384512038484605,INDEFINIDO
0.7243972718339319,1.8450670154294344,INDEFINIDO
0.5432174644385431,1.699443510113133,INDEFINIDO
0.20439739999642179,1.7077971906894662,INDEFINIDO
0.46000148555622716,2.871898524268933,HIGH
4.372047753526049,2.779994978770382,HIGH
0.3078723360360223,0.1660472682942925,LOW
1.5160694477816756,4.1288146475332255,INDEFINIDO
0.472020502224208,1.6698220798587609,INDEFINIDO
0.01983516485513116,3.563074221854756,HIGH
4.0894696832218775,4.490968571541054,HIGH
0.8115389678328562,3.0019711779565794,HIGH
0.2039086998989461,0.8032298483671391,LOW
1.39871104933601,1.5094872115177438,INDEFINIDO
1.0111751588759048,0.6089305705830195,LOW
1.7199975636823759,3.1719858521607183,INDEFINIDO
0.4059741260579274,1.8381152721866028,INDEFINIDO
2.341817709577225,1.1164500135239375,HIGH
1.0345331638891404,4.144509105214739,HIGH
1.6310465862824512,3.7651796403742197,INDEFINIDO
4.5526637585706276,3.5825577976293825,HIGH
1.5254580908695718,4.362540328886521,INDEFINIDO
0.9617859069205916,1.0759440262576305,LOW
4.177817496309489,0.9417135056795274,HIGH
3.1225814773108986,2.895110584150788,HIGH
1.6862613325485636,1.7768175070795584,INDEFINIDO
1.6047113661572112,4.332352328276825,INDEFINIDO
3.985464283536318,4.765998312903247,HIGH
1.8886042611224023,1.8705740049835735,INDEFINIDO
2.6279088910500144,4.354537517877661,HIGH
0.8736016916149384,0.37920050427604407,LOW
1.6389807101312448,1.6113790308230826,INDEFINIDO
3.5748490071708394,0.6824508615045413,HIGH
0.5292136151836071,1.1233877486876884,LOW
0.9258791388605635,1.1717249905018094,LOW
3.4215964962093683,0.07945959518156613,HIGH
0.7336434255796922,3.2820938033582365,HIGH
1.4273786158816286,1.55569839845589,INDEFINIDO
1.3144318962070127,1.5254983766482613,INDEFINIDO
2.5369050719308914,0.15824215990203,HIGH
1.2876150328592082,1.8438765084535493,INDEFINIDO
0.28608946696396204,1.43640252895119,INDEFINIDO
4.4445761985495436,2.2161690491087347,HIGH
1.4867385688009007,4.631748650770769,INDEFINIDO
0.39422095073598884,2.139975456510359,HIGH
0.4398889965025139,1.4399718076124715,INDEFINIDO
0.5871304700608158,4.290347182677412,HIGH
1.9545592751311296,3.2690977309509375,INDEFINIDO
0.2857317093378021,4.928763338627908,HIGH
0.5090712012141055,1.6979824750375794,INDEFINIDO
4.277752619611078,0.14622380906360236,HIGH
0.284828084570068,1.9033983658228895,INDEFINIDO
3.9348947490904314,3.0335819739111005,HIGH
1.89308945559819,1.3593505377711428,INDEFINIDO
0.6721790904468831,2.504511865099933,HIGH
1.6082876230090688,1.8962587751650768,INDEFINIDO
1.6923838788345624,3.9158336030485383,INDEFINIDO
1.890697703942687,3.197469290972897,INDEFINIDO
0.1407516084490705,4.631919099089782,HIGH
4.057980498969895,0.6460035298449367,HIGH
1.413024914058021,2.9453103441817743,INDEFINIDO
1.6140850696322206,1.9338482964077424,INDEFINIDO
1.1729963785423543,0.40646250602350276,LOW
1.9726177311186595,3.6555583118023804,INDEFINIDO
0.8900020155448104,0.14864463266512365,LOW
3.997910562361091,1.1850738109974828,HIGH
1.5292621615809996,4.749059004112816,INDEFINIDO
1.135167478393553,1.2292675434510594,LOW
3.981524355464668,2.787159355190009,HIGH
0.9651978444080566,3.4616049079512767,HIGH
1.065677703928608,1.6437971802456681,INDEFINIDO
0.3461056209870456,0.5823580230471174,LOW
1.274205287097944,2.999102950631846,HIGH
0.5961828164371521,0.3418912828294816,LOW
0.5979123030076195,1.5896351350678581,INDEFINIDO
3.783090353494506,1.29833674201111,HIGH
1.553685293558652,4.761599620773627,INDEFINIDO
0.2740104293659072,0.9256252490980712,LOW
2.6685549464133183,0.39621019296787413,HIGH
4.807795064764689,0.8459853489405652,HIGH
1.6787196459940337,4.9367194463073805,INDEFINIDO
2.103603272181948,1.0878642773645828,HIGH
2.47845951881118,2.779228506327599,HIGH
1.097384124279902,1.9018818739442234,INDEFINIDO
1.5471911896805792,1.6215208431054686,INDEFINIDO
3.9337435834989556,3.862367508221997,HIGH
0.491862490441382,1.8189475667636132,INDEFINIDO
4.626137837586086,4.111447326651865,HIGH
3.201982403483141,0.5336187482847665,HIGH
1.2258831521019284,2.320380396804886,HIGH
0.3654801215566881,1.0958401499596586,LOW
1.9506808529127933,1.4975626002392672,INDEFINIDO
0.5397631509975555,1.9495411755480054,INDEFINIDO
3.100544233976077,3.095100318195539,HIGH
1.8862997693752277,1.3964052825164401,INDEFINIDO
1.9093264098353058,1.7436353155118094,INDEFINIDO
1.8984456364188933,1.8820496154918758,INDEFINIDO
1.9566647301564375,1.740541508187151,INDEFINIDO
0.996104052720637,0.9351569038628526,LOW
1.7891113894631903,1.6844668097028186,INDEFINIDO
0.3317973002335035,1.0285045044099108,LOW
0.43957563663136234,1.8322511230552259,INDEFINIDO
4.83540648972055,0.7218883962433882,HIGH
1.194298524567437,1.302282475033603,INDEFINIDO
0.007108649600417016,3.5562737937860973,HIGH
0.9521636135898048,3.3371539587633228,HIGH
1.3820214060308025,3.1382803892323956,INDEFINIDO
0.7888954345134408,4.243146959742047,HIGH
1.2212924288265534,1.467481019465568,INDEFINIDO
1.4579458022181466,1.3155904474150422,INDEFINIDO
0.8737029877711214,0.9452676706395691,LOW
4.567860243155094,0.594106989162126,HIGH
1.5336002825120578,3.676333235010288,INDEFINIDO
3.574043662632391,0.13067122339712559,HIGH
1.6805159836452292,4.7826259018773785,INDEFINIDO
4.865474639711752,2.9430035304817608,HIGH
0.5132749723089178,3.520326331618407,HIGH
3.623773261466748,0.725485275335298,HIGH
3.9201940479248094,2.6827641096403574,HIGH
0.8916601044288323,3.1219709379648433,HIGH
3.2670059349796094,3.0350432144916506,HIGH
1.5595722649665615,2.3876713600705206,INDEFINIDO
1.261003962673987,1.3004940254819437,INDEFINIDO
1.3268477723587573,1.7507964128713427,INDEFINIDO
1.1584941029311941,0.5250012441480572,LOW
1.981414386288289,4.407700399555596,INDEFINIDO
1.635079699616257,1.4969158489069365,INDEFINIDO
1.4388695259853077,1.3609923614312427,INDEFINIDO
0.6283814745085007,2.9148284050670052,HIGH
3.795566503677696,2.209074945350309,HIGH
0.6793623866091296,1.909948696254303,INDEFINIDO
0.7634519495651945,1.138635546656591,LOW
1.7529830782760893,1.3554383711639286,INDEFINIDO
0.39944315868297503,3.38018951627947,HIGH
0.03591319781912918,2.7721938649879845,HIGH
2.2432719045151757,0.2681468740040453,HIGH
4.031625975584023,0.2540003106990359,HIGH
1.2273119118397267,1.9858151477085815,INDEFINIDO
2.1723732350918095,0.41194217626907575,HIGH
0.9394023211341775,1.5520909276211219,INDEFINIDO
0.751208903508862,3.3884219009966756,HIGH
0.6360160291214287,1.306640742061999,INDEFINIDO
4.3117559483853185,1.2557611267579647,HIGH
1.8116512931614976,1.7769305917545357,INDEFINIDO
2.8808649242777995,0.5012011119893014,HIGH
1.8606553425511665,1.943214800776211,INDEFINIDO
1.1745953120757877,0.2583898252477062,LOW
0.12872610436226384,0.5033476413557719,LOW
1.0053920855073066,0.8274412518479359,LOW
1.7748412976329973,1.9132132677068143,INDEFINIDO
2.3637669269932418,0.20270986121254705,HIGH
1.1428492535641608,1.0366540869780707,LOW
3.8136131729539473,2.429718234830843,HIGH
2.3363978584246077,0.7777497978176565,HIGH
0.06419834090066424,2.6212346158679884,HIGH
2.950125818705975,0.2196212768885755,HIGH
3.9091808356932614,0.8067438210299362,HIGH
1.6380339208803933,1.8102524155383284,INDEFINIDO
4.174843839289448,4.398935005547896,HIGH
1.8927096813955901,3.356921545376127,INDEFINIDO
3.6768217399578513,3.7590404648432303,HIGH
1.158670571863774,4.64492155459696,HIGH
1.3113898887711404,3.3950506592653475,INDEFINIDO
0.795593772688513,2.1667846092967546,HIGH
1.2724446253645372,4.3378151613971525,HIGH
3.91436012032205,4.619722665108483,HIGH
0.06784921816372004,1.9471771299519651,INDEFINIDO
0.3931213808579147,1.4429352186580013,INDEFINIDO
1.5272043381514917,1.4324586213754658,INDEFINIDO
1.9758496057069905,2.1856258525526884,INDEFINIDO
1.6980883146741717,1.3460867757146084,INDEFINIDO
1.4512947529234628,1.6913938490779359,INDEFINIDO
0.9852448562048627,0.6248210414735215,LOW
2.3708288921630034,0.600107396508318,HIGH
1.830116781939234,4.266413941363885,INDEFINIDO
0.8426440139613082,3.91113629444951,HIGH
0.8470656403950153,2.3735926783010672,HIGH
3.546353852362147,3.091924445120843,HIGH
4.390571424589982,4.204149179332921,HIGH
0.6436646109999469,0.9315487724621508,LOW
1.2701211555623984,2.558544797561989,HIGH
0.006230248792729942,4.333473549330641,HIGH
0.7471736172623812,2.968160695968352,HIGH
2.502300396529113,0.49810236455743584,HIGH
1.3557305395309607,1.9120633415970967,INDEFINIDO
3.197376788958755,4.939924901460363,HIGH
0.05123853291405618,0.7749101409578101,LOW
1.6121606915203306,2.9454920000541653,INDEFINIDO
0.8203240952300209,1.4452284596120184,INDEFINIDO
4.911164318959728,0.9298223486512894,HIGH
2.4890603319921096,0.8870095058259212,HIGH
0.9241144725876868,0.35204968127179687,LOW
4.664202796458173,2.557224158121832,HIGH
1.0350021795836981,0.05179906524249476,LOW
0.34003597044508377,4.979944085724814,HIGH
4.488009327398261,1.1098149718291241,HIGH
1.6926131145446537,1.8267159781082238,INDEFINIDO
0.10212149602513036,4.952281210262436,HIGH
1.7902843213482016,4.490308733763609,INDEFINIDO
0.4904302173690301,0.119386787953786,LOW
3.724704773146188,3.8777307843143425,HIGH
0.6077849146577813,4.119066532652555,HIGH
1.3103982625879753,1.3767590970491825,INDEFINIDO
1.36433956533108,1.456971337865521,INDEFINIDO
0.10618002705340046,3.0009838629895302,HIGH
1.1084746401900876,2.408716427392464,HIGH
1.1526746997342723,4.782631579909779,HIGH
2.9656798879381516,1.1668381902043232,HIGH
1.6771308580069753,1.804071005879604,INDEFINIDO
0.5326752237954278,3.8735637654206516,HIGH
0.6387189188334804,1.0836779746522307,LOW
1.5503430859727476,3.8387568762776354,INDEFINIDO
1.75144904647789,1.5879568577707048,INDEFINIDO
1.406842621958777,1.3911851329622642,INDEFINIDO
1.020107533572612,0.8151354810293886,LOW
2.97450243397705,0.4869161812190951,HIGH
0.5568058343457041,0.4602503530230779,LOW
4.761781483777165,0.10210296906591092,HIGH
0.6917731194415488,4.154883642772157,HIGH
3.618909485686017,0.5022179322198542,HIGH
4.985113854283714,1.1730320203697056,HIGH
4.866279915820523,1.271959640699241,HIGH
0.0637232107244255,1.625424532982148,INDEFINIDO
2.1956173741486387,0.09148185760463891,HIGH
0.9729270609873042,2.3436414931212006,HIGH
0.6372934668339838,1.0848256748902172,LOW
3.1532131794844287,4.643903975120347,HIGH
1.671829316360327,1.4284011446373124,INDEFINIDO
0.8540669784536238,0.8506568742990839,LOW
2.446422225559097,2.153277694439904,HIGH
0.5546651087204153,1.415800815088176,INDEFINIDO
1.2911311691619038,0.7802794112006481,LOW
3.5653711265974857,1.0453839915622214,HIGH
3.0745772753985254,4.476336945224446,HIGH
0.5791268892332687,0.34230955499243026,LOW
3.4507540214859507,3.403476923291515,HIGH
1.8839253163372462,1.9321545982899482,INDEFINIDO
2.6448899564733552,4.971277566130485,HIGH
1.4495908689839658,1.5118220291715432,INDEFINIDO
3.498974196893202,3.370534209418288,HIGH
2.8693032346726275,4.4303890347011,HIGH
1.905779912362086,2.9112404793937863,INDEFINIDO
2.2173541522816875,1.0027678848243602,HIGH
1.5771591622276961,3.7666680724296455,INDEFINIDO
1.8884224976100779,1.4672364312875588,INDEFINIDO
4.730940460979154,0.23494693184714469,HIGH
3.0056709797773284,0.7568798958172887,HIGH
3.42314338489222,0.28210558261312224,HIGH
3.579529064758911,2.296318632545451,HIGH
1.9006989476220524,4.932409308971041,INDEFINIDO
1.5009710655205053,1.6157323102656187,INDEFINIDO
0.6176791696935848,1.7186789794389132,INDEFINIDO
0.961494273081526,0.30065479558877656,LOW
2.16489211041525,2.4014834851354268,HIGH
1.687578347109726,2.422733754624484,INDEFINIDO
1.898848156527876,1.6687253419840016,INDEFINIDO
1.6179115672526818,3.321147017761444,INDEFINIDO
1.74334503589488,2.118274749209911,INDEFINIDO
1.8077756451066596,1.5134557324128188,INDEFINIDO
1.4320890605184335,2.035166039880057,INDEFINIDO
2.887399947143855,1.1748112181491448,HIGH
1.3688325967420552,3.7488707939317294,INDEFINIDO
0.3081629881477947,1.4773078086653633,INDEFINIDO
0.31237804118759993,0.35189123628890023,LOW
1.7730315292976768,1.6309369532660019,INDEFINIDO
1.829123527341503,3.7436404905657774,INDEFINIDO
1.327762386129293,3.1900630531802396,INDEFINIDO
1.8848898520464943,3.8286108326768873,INDEFINIDO
1.594494226441015,3.881551959339525,INDEFINIDO
0.8965276027785216,2.1160557730356806,HIGH
1.7630602764323713,1.500013329756393,INDEFINIDO
1.3799356388500499,1.592669312818748,INDEFINIDO
0.6430399790029149,4.213905136095462,HIGH
0.9000648015700713,2.955558794205537,HIGH
0.34756073033490226,4.637548900396068,HIGH
1.622298272426498,2.873677892678292,INDEFINIDO
0.8210418008689567,2.1139194326593103,HIGH
1.1374212376572308,1.211740055769222,LOW
2.2786829527766197,0.6050604417144748,HIGH
1.9456265361634641,1.4997007389477135,INDEFINIDO
1.4849327360006832,2.956855934402619,INDEFINIDO
3.4481542831991283,0.4781731861035939,HIGH
1.820478310371295,4.882273638951821,INDEFINIDO
1.815092303920666,2.0659593317661717,INDEFINIDO
1.7126154177754593,3.5869732067848896,INDEFINIDO
1.8306314360439946,4.184910143669901,INDEFINIDO
0.12581932645874908,0.6670847672731056,LOW
0.8225296014973188,0.5503901826022717,LOW
0.6614500877209464,3.049675954953475,HIGH
4.427037298410163,1.2350667334426892,HIGH
1.5461620841252228,1.892064145791248,INDEFINIDO
1.8692307983389025,1.655264188008112,INDEFINIDO
1.5251596800037672,1.5430727498403816,INDEFINIDO
1.7297644213864916,2.7491880863757254,INDEFINIDO
1.5330386675962568,4.974222867060503,INDEFINIDO
1.2700559106849862,3.0565328244903784,HIGH
1.852285107626353,4.007643399998647,INDEFINIDO
2.226084371475684,0.1704629372291159,HIGH
1.9784048083694672,1.8447782854846726,INDEFINIDO
4.204544405233856,0.6572033392288779,HIGH
4.282678982908823,3.9520067536680568,HIGH
0.21958903279712746,2.687215003769475,HIGH
0.5379365032587576,2.231682066554522,HIGH
2.2789824876739297,2.1840316510391458,HIGH
3.9000729384903536,2.3127673662291577,HIGH
0.9859829388319202,0.7537942366506896,LOW
4.680415238577789,1.1407880005228013,HIGH
1.1385714766929593,0.1743104326965599,LOW
1.305500964717812,2.808905763311308,INDEFINIDO
4.769689031790252,0.3913589528927924,HIGH
2.586229523889896,3.693305556081743,HIGH
1.4627407563710584,1.9945890801476307,INDEFINIDO
0.6081040851703191,1.3097927252735098,INDEFINIDO
0.5616827950495475,3.208200794126996,HIGH
0.4482740382877666,1.2695988911285063,LOW
1.4360334092530405,2.601302139558725,INDEFINIDO
4.971936014651019,0.06150563268441317,HIGH
0.7382023712673531,1.959601705623187,INDEFINIDO
3.748829208232584,3.350184334324318,HIGH
0.3233124625492317,1.4930562475924392,INDEFINIDO
0.7241084187059095,0.39662720376111976,LOW
1.7523359155760665,2.556076470689579,INDEFINIDO
1.0723426612049076,1.6068679154173917,INDEFINIDO
0.9882269545010429,3.8365148330666146,HIGH
3.535664331293012,0.7248038049610775,HIGH
1.9575043486583499,3.507314450677734,INDEFINIDO
2.363244194895953,0.8314306928364031,HIGH
3.3672746474792334,2.751446357520669,HIGH
1.6941344382955859,4.071766014567627,INDEFINIDO
1.2428571471019305,0.1386030179431309,LOW
3.1941203520449326,4.057819074741363,HIGH
1.4975678699627206,2.507681596511585,INDEFINIDO
1.5853625453384104,1.652244058063315,INDEFINIDO
1.447826171521087,3.370719645514547,INDEFINIDO
1.4094590346800064,4.182504579116916,INDEFINIDO
2.018616051832158,3.3915439759275747,HIGH
0.03579519575913359,0.4553083932808177,LOW
0.4246185469787986,0.25556654286294467,LOW
1.788590858361537,3.374011231177963,INDEFINIDO
1.7562034871709167,1.9507200233039954,INDEFINIDO
3.904276311893187,1.2060151901206886,HIGH
1.6806876407405527,3.1879928407214915,INDEFINIDO
1.6403995308128052,2.472823117304062,INDEFINIDO
3.9943411233915347,4.244878475805525,HIGH
4.121350463450451,0.12800381212084644,HIGH
1.4158931608266114,1.358159957523689,INDEFINIDO
2.685582004853968,0.731703753425482,HIGH
1.7809092426485074,2.5312307511728926,INDEFINIDO
0.08867348174563847,3.1593355000602044,HIGH
3.0214876357358427,0.5598375360050359,HIGH
0.598357535222696,1.190414741230692,LOW
0.6879593733260865,0.7429310924832376,LOW
0.9765674268248139,0.3037855376836654,LOW
1.1990669872361068,4.826880396925631,HIGH
3.440261966092746,4.963628306589308,HIGH
0.719153712753788,0.2151419534062357,LOW
4.7630950478314045,4.136493574007008,HIGH
0.777807545938741,0.9722920750819493,LOW
1.687702625748774,1.8838016955267658,INDEFINIDO
1.9703161386910137,2.8235260053508004,INDEFINIDO
0.17050044911436774,4.139803926343273,HIGH
1.8363646120309491,3.985974030909297,INDEFINIDO
1.399037384628674,2.2745200437610675,INDEFINIDO
2.102275716279725,0.08292548558781855,HIGH
0.995283977451912,0.37779129928989147,LOW
3.4904875642034807,0.4222737633990891,HIGH
0.8934195291632744,4.207818008809993,HIGH
0.9340416360100191,0.9776278271146682,LOW
0.7221496787148973,1.4197220041969258,INDEFINIDO
1.5673670568674083,4.467027326692808,INDEFINIDO
1.5596632172788818,4.472347098959874,INDEFINIDO
1.2426694975972157,0.47048003675212224,LOW
3.0226402452646184,4.339233233507372,HIGH
1.7079479181175239,1.3309096282614896,INDEFINIDO
3.2938519889979947,0.9615705263074226,HIGH
0.4609545204881563,1.8925483648383612,INDEFINIDO
0.47559275207708085,0.8801692803625402,LOW
0.5958111481010269,4.406362325357648,HIGH
1.3172084866051132,2.3351920957980976,INDEFINIDO
3.6986192424167528,1.2543883400605942,HIGH
4.76935002163711,2.1043867525321613,HIGH
2.930036381485184,2.0807460616372633,HIGH
1.6704856117852827,1.4819086928837157,INDEFINIDO
2.668785013403321,0.363458104570668,HIGH
1.2882039706167299,1.434255695950857,INDEFINIDO
1.8165032405849977,1.7206140779867223,INDEFINIDO
1.6616343253833659,1.327057029394716,INDEFINIDO
0.10204875019560149,1.8762135951542116,INDEFINIDO
0.7925093742784557,1.3405429119919297,INDEFINIDO
1.3846850870994274,1.826307252302576,INDEFINIDO
0.6271129800424096,4.449185853136493,HIGH
0.6713355679253539,0.5684794033577876,LOW
4.902596297469278,1.1080962346442276,HIGH
0.10407533278158347,1.6897607030148294,INDEFINIDO
4.818556309310335,0.7631010336636934,HIGH
0.6890693496365744,3.2634341137010843,HIGH
1.707230857910889,1.8441590024255192,INDEFINIDO
2.7011738357878228,0.5172225445421048,HIGH
1.1839947427256656,0.9876425972390699,LOW
0.2287236403723648,1.4123656062129462,INDEFINIDO
4.364015656226481,4.859923476599939,HIGH
1.205717393843415,0.8330973261993803,LOW
1.6932482373854683,1.6143192165377171,INDEFINIDO
0.224754208580372,4.651571224418295,HIGH
0.6579308528118636,3.6388154085212983,HIGH
0.21817206166119713,0.28785302637597027,LOW
1.4367992559856826,1.7896365628041775,INDEFINIDO
1.558690817044989,1.9786116105204097,INDEFINIDO
1.8403140869375216,1.9636768953552846,INDEFINIDO
1.5915038707107623,1.5986478611901427,INDEFINIDO
0.2627435204450205,1.2696119479056063,LOW
0.8563283403929938,1.7364081094819288,INDEFINIDO
1.0073280227388128,0.30009512756023815,LOW
1.7959718587478022,1.382851662921557,INDEFINIDO
0.6022503546833774,3.07846746282976,HIGH
1.916891642489237,3.675925279990491,INDEFINIDO
3.092552608934838,3.984953790386613,HIGH
1.486229271251534,2.9542684014306904,INDEFINIDO
0.9108869543091861,3.5357708906972185,HIGH
0.7861622266435838,1.814293284991547,INDEFINIDO
4.705102129412559,1.0435504226905088,HIGH
0.030301585330983406,4.321305479983385,HIGH
3.8822990959853683,4.0430449058048215,HIGH
3.9654146445590115,2.5564200079680854,HIGH
1.4837981144519246,1.9942509749684567,INDEFINIDO
1.0807858331283562,1.6240027077577464,INDEFINIDO
3.1170594560908107,0.7022345381743997,HIGH
2.6916861486279213,0.6960497337494109,HIGH
1.5686206796775057,2.757254802183054,INDEFINIDO
0.8247894367808118,2.145448533438583,HIGH
0.9969550164789811,2.6494394790448386,HIGH
1.4810199701899005,1.7970503757087646,INDEFINIDO
2.1353649898548155,3.054745640045617,HIGH
2.9125667163083535,0.7489078651120188,HIGH
1.9807187549756793,1.81098193760082,INDEFINIDO
1.2534527439453576,0.19225890069363247,LOW
0.749867367241741,0.8956982275544728,LOW
0.1313210302605097,1.2754533466307294,LOW
2.0705225435776073,2.3262737000201756,HIGH
3.8518385911960364,0.569839989523153,HIGH
0.5750108613758592,1.6572820602907459,INDEFINIDO
0.9629570009888133,0.35510345668759247,LOW
0.6498221547691477,2.3937201382781783,HIGH
0.12001747680818119,4.268993244895007,HIGH
1.699376115136592,1.403534834254133,INDEFINIDO
1.6635161811705523,2.195326468339899,INDEFINIDO
0.3910572569518076,0.9206595312746231,LOW
4.067483079258533,4.130056186976167,HIGH
1.3536039494088097,2.0254412622696845,INDEFINIDO
3.5323589478699375,1.0886492371931682,HIGH
2.5204586334630936,2.301141383541281,HIGH
0.45461114333773517,1.696538825278494,INDEFINIDO
1.6179196310331645,1.9159931587714127,INDEFINIDO
0.1651087467981187,1.2100279118980362,LOW
1.8446815585194702,4.469613336725259,INDEFINIDO
2.3432150348482104,0.7253566792537817,HIGH
1.6361307339808508,4.122092419203948,INDEFINIDO
0.7268986918287401,3.7152080262560476,HIGH
0.2651929624941747,4.723785862710753,HIGH
1.3877776862158089,1.3356141507600816,INDEFINIDO
3.9327016417975353,3.6549140732141447,HIGH
2.2843400785080914,3.942186887876487,HIGH
0.5933129265312932,1.5231167973794941,INDEFINIDO
3.664980715140826,3.2512007960862497,HIGH
0.7321335758558953,2.4493339267538063,HIGH
1.5242735158952732,2.2407491157279544,INDEFINIDO
3.936165976234518,3.411719504858751,HIGH
0.14649451684347292,0.6135786898251667,LOW
3.4186539146981856,0.18464551510994145,HIGH
1.540973363565568,1.4225850227636239,INDEFINIDO
0.1834113051166001,1.9158391128166024,INDEFINIDO
3.7975232547287483,4.788166758904792,HIGH
3.7436258238086015,0.6496549899625592,HIGH
0.200332965086171,3.9568683957641206,HIGH
0.835623732070562,3.621367546255418,HIGH
3.9438487618897238,0.6812614033584568,HIGH
1.5098282212134952,1.9704896945358816,INDEFINIDO
0.541119288853529,1.7432019112216444,INDEFINIDO
0.9750303666135257,2.9759055129973935,HIGH
0.23740903450001835,0.8779981044165287,LOW
0.7730170385899153,0.05340824761847951,LOW
1.2424332463966474,0.449786952859278,LOW
3.227850360669897,0.7160439509782196,HIGH
1.5544771336421908,4.229107678385699,INDEFINIDO
3.6487783957677786,0.8194513485915424,HIGH
0.9251409461685407,4.532246355121182,HIGH
1.1419181273360142,0.42927430226186,LOW
2.7308559758942077,0.7901923955284342,HIGH
0.3440443019100331,1.37528275312196,INDEFINIDO
0.13515809276067045,1.615713746328318,INDEFINIDO
0.7179263176562797,1.4035916889477666,INDEFINIDO
4.635203380781894,2.8511839183898746,HIGH
0.9927425348411777,1.3876817029576196,INDEFINIDO
0.5733434955700923,3.933831511309223,HIGH
0.8473972644223704,0.10027832261873666,LOW
0.671543330610509,3.7933140418147397,HIGH
0.20437046970831535,4.339286324633302,HIGH
0.779428310876315,3.192116963547333,HIGH
1.5679541940554953,2.520018334094248,INDEFINIDO
1.9978341904040895,4.712759400318743,INDEFINIDO
1.367628371023093,1.4333208017617316,INDEFINIDO
1.1272561561987107,3.2383392135346494,HIGH
1.039350791354611,1.3363351688213299,INDEFINIDO
2.257238642441627,1.1217017599652963,HIGH
1.673861592637326,1.6368381961418401,INDEFINIDO
0.2635144122424179,4.821074458878805,HIGH
3.7043575177346706,0.7387401334190367,HIGH
0.8699020719140359,3.740508402623697,HIGH
1.8387336413133313,2.4952501606784208,INDEFINIDO
1.9119169590015903,4.438423105326028,INDEFINIDO
3.8671391188356434,0.3220795468999562,HIGH
1.119145359055621,0.7323816113890776,LOW
0.6552119685991368,4.171866936863778,HIGH
0.8570122447720459,0.4134688203798432,LOW
0.7997477211080375,1.4729804924323884,INDEFINIDO
1.6825034050875791,2.236218402484419,INDEFINIDO
4.1857841494246335,1.0947122550079023,HIGH
1.7611511908498008,1.8327032260588467,INDEFINIDO
0.2016867884674995,0.1917612494297725,LOW
1.7681807106374114,4.377220765203758,INDEFINIDO
0.3699334753821987,1.7107426583875687,INDEFINIDO
2.847382701712501,0.6385502797094129,HIGH
0.805773818923764,1.441969749382816,INDEFINIDO
3.190084126248049,3.7316415042568405,HIGH
4.851309066616221,0.974054806094057,HIGH
0.2601673782005989,4.201808929903887,HIGH
4.525103614428833,4.6721989922007126,HIGH
1.182609362146175,4.5554588049541564,HIGH
1.5262528073325574,2.48581797549656,INDEFINIDO
3.7783079234867123,0.5015513724955198,HIGH
1.9635156141810044,1.819663111788545,INDEFINIDO
0.3381000042675467,1.6379238612308142,INDEFINIDO
1.9026161703771267,1.4913881402777265,INDEFINIDO
1.011069942061031,2.6311498327429437,HIGH
1.1583398814033115,3.742885943255938,HIGH
0.17498470953478668,3.052826545540638,HIGH
0.07969610676729538,0.5570119838446697,LOW
0.34116904173022533,3.7909900109957793,HIGH
0.24883488592977582,4.476458469984685,HIGH
1.9269508618811928,1.5700063852862391,INDEFINIDO
1.0292803796976338,0.11766075579718623,LOW
1.4341214667835072,1.627496763373415,INDEFINIDO
1.8452958698818485,4.808420407274804,INDEFINIDO
1.5078309006826809,1.736622199298978,INDEFINIDO
2.198230020762675,1.250313252612812,HIGH
3.5615842332402945,2.497486922814247,HIGH
1.871362233254671,3.6792461400543583,INDEFINIDO
1.5021975995443215,1.909295299499072,INDEFINIDO
0.7213588801596098,4.841981224144831,HIGH
0.8272561170108466,1.8483784555927945,INDEFINIDO
1.8071401479705231,4.286593310035151,INDEFINIDO
1.1982533600039362,2.8399970463732203,HIGH
1.1285944662598812,3.377721319410194,HIGH
4.5044530539686125,0.31567755285700677,HIGH
0.2999967187100332,2.85659420289589,HIGH
0.19513685976988596,0.12551424011204806,LOW
0.576602994248296,1.7834976179597255,INDEFINIDO
0.4675462443505047,1.1943686208264475,LOW
1.4496213285042634,1.4077547696891664,INDEFINIDO
1.014157017625685,1.9105072452811376,INDEFINIDO
1.9814898159648344,1.7892728711213537,INDEFINIDO
2.935185565505246,4.125462661287623,HIGH
1.1450143140951368,1.565164067785877,INDEFINIDO
1.8142513563731137,3.981931516838506,INDEFINIDO
0.37903423861109925,1.8079236334785804,INDEFINIDO
0.7420198004116616,0.13764694303208017,LOW
2.788831890725627,3.378816517458029,HIGH
4.265750008015232,2.6524015723710037,HIGH
0.8950239319081632,1.7973976992520702,INDEFINIDO
4.858301342829737,0.33670863585743965,HIGH
2.3209331903174237,4.6102865002891935,HIGH
3.34867411650762,3.657057254063372,HIGH
1.3283539054037128,2.7729058401244213,INDEFINIDO
1.6949768551608342,2.373850328462855,INDEFINIDO
1.482213088936683,2.4945051160341705,INDEFINIDO
1.8921345119255688,1.4904127924779658,INDEFINIDO
2.020874422186221,0.07739948483609622,HIGH
0.31257657264284544,2.04447046723322,HIGH
0.5873342417491478,3.4456813861485664,HIGH
3.1432419775522122,0.006987943686174636,HIGH
4.796664408552398,2.686150333685359,HIGH
0.2700015120360601,1.196390978639564,LOW
0.1412071569321076,1.4014622921633755,INDEFINIDO
0.22363926488543023,1.7209363168113434,INDEFINIDO
2.871416211792743,4.416405380605846,HIGH
1.1704141956915515,1.849445117441212,INDEFINIDO
1.8001099867492398,1.5917623980502655,INDEFINIDO
0.40117575744834827,4.18332068954534,HIGH
1.067727920091003,3.010794167362448,HIGH
2.492447449984387,2.044553883438324,HIGH
0.38391480685617646,1.6182988473840343,INDEFINIDO
1.978127542099604,1.7313285005199255,INDEFINIDO
1.6335171606219647,1.424708036294292,INDEFINIDO
0.8794241439474758,3.1512763245082644,HIGH
0.13047797942933137,3.8636930143739527,HIGH
3.414421051752818,0.08544661804949231,HIGH
4.702135998170274,2.1998454346256584,HIGH
1.6684410109274082,1.459109359581747,INDEFINIDO
1.6680554364506759,1.712114434687771,INDEFINIDO
1.1588842499505774,1.2798309401244359,LOW
0.7347059741836292,4.090521540692725,HIGH
0.47183760193951546,4.200019132893055,HIGH
0.16927626737376011,0.7446761398661927,LOW
4.454896343688336,3.420138112914248,HIGH
0.24901737644559546,0.9756170497428103,LOW
0.6083677337850218,1.267633652937294,LOW
1.4770789581558974,2.61601595681021,INDEFINIDO
3.592327963726243,3.1290428760242013,HIGH
1.5132800186310142,1.7534816369176824,INDEFINIDO
3.7880488060447757,1.2408307733041521,HIGH
1.5886012568232077,1.7469426812865918,INDEFINIDO
2.286167711178578,0.8857449341284895,HIGH
2.455371256704977,0.9798177303099335,HIGH
0.5278039129213301,0.28582708721117484,LOW
0.4939520840065337,1.878136272139872,INDEFINIDO
3.8458917645685387,0.453789357959654,HIGH
1.6412382332570763,4.808169121449286,INDEFINIDO
0.9201068011183705,4.293694466256877,HIGH
3.352652431894907,1.0304801267762542,HIGH
1.3833660031428645,1.7480381204028612,INDEFINIDO
1.6156774135673464,3.21496552415286,INDEFINIDO
0.015983388375640218,1.6025910263309127,INDEFINIDO
1.2695637785873746,0.7762967286307194,LOW
2.150666886228764,3.419525250371051,HIGH
1.4940111392991136,1.3013721666684661,INDEFINIDO
1.6221421239160867,1.6613759333197569,INDEFINIDO
1.8189752083332427,3.4252650221695458,INDEFINIDO
0.9408889686855156,0.6141094723265392,LOW
1.5668671469573698,3.8850609306171293,INDEFINIDO
1.544052486672421,3.4312525818491073,INDEFINIDO
1.1458807017017367,2.5153064004181043,HIGH
0.2941207505201827,3.830319954323685,HIGH
0.05507785269109128,2.066839600124443,HIGH
0.04574239196575826,1.3709759400970754,INDEFINIDO
1.560023734805836,1.9302236883432087,INDEFINIDO
1.2064449743559291,4.655687934741235,HIGH
0.8125972733139167,0.8646534314016915,LOW
1.4746457619590763,2.7484852752400473,INDEFINIDO
2.4008148004105587,4.998004675616059,HIGH
0.7405613910250903,0.14414023143981428,LOW
1.1602644548648402,2.9109228213079854,HIGH
0.29448545823109135,1.3062736256815688,INDEFINIDO
1.3213904971438692,1.7558109882759538,INDEFINIDO
0.511573100176093,0.5613732562202639,LOW
2.687143692696729,0.8655424810185924,HIGH
1.3997469863162033,1.5694266641012637,INDEFINIDO
2.943949225035046,2.1628277878438387,HIGH
2.500839840358407,3.8257970240795167,HIGH
1.507276677432217,1.61193130069525,INDEFINIDO
0.38288671135798685,1.7482881115281497,INDEFINIDO
1.9543491005402363,3.883111271170307,INDEFINIDO
4.9869794609148625,1.297041075394045,HIGH
4.464226303021521,2.352538575104194,HIGH
0.7414733714113851,1.3732899184080545,INDEFINIDO
4.80840585197293,1.2131847870720323,HIGH
1.249556197200908,1.1846530524670722,LOW
1.64424770342195,1.828118914738626,INDEFINIDO
4.631757345850657,3.729292350379259,HIGH
1.4917258331380097,4.670124901555437,INDEFINIDO
1.6753661260172537,3.104830848619261,INDEFINIDO
1.3975760278971794,4.544118420373199,INDEFINIDO
3.9821991741773575,3.3743482918192913,HIGH
2.809704702680411,2.9614180979808045,HIGH
0.40933645556802334,4.857978080072062,HIGH
4.1081968317467945,3.24542456558036,HIGH
1.068285105066373,0.452635656141217,LOW
0.267521422863486,3.914015035996323,HIGH
0.22440766524545008,0.5959001801634006,LOW
1.9770856107934724,1.6871106737377943,INDEFINIDO
0.771593888308438,2.4787916553460114,HIGH
0.930501934508553,4.504452667698505,HIGH
0.6557158114149199,1.3340689107248889,INDEFINIDO
2.8261675785978473,4.648154668648447,HIGH
3.792577212362468,0.4591716334240102,HIGH
0.6608194064541608,2.9265134900078325,HIGH
0.24686956281888145,1.2138234984921499,LOW
1.4878947697401683,1.6917328169975914,INDEFINIDO
1.3598994629826093,1.6783409841854162,INDEFINIDO
1.7822850462121762,1.9218318945832127,INDEFINIDO
0.9898109414408899,4.420046187677732,HIGH
1.6112497019659984,2.02996553523132,INDEFINIDO
3.7582621341462508,2.2856144198367057,HIGH
0.6179783076565846,0.849702221831277,LOW
0.29756933519864337,0.3592287453228952,LOW
3.1851262468624513,0.849139866351524,HIGH
1.3396562036820605,4.283108064661215,INDEFINIDO
4.112668707318628,3.1405761034102584,HIGH
1.110876481573773,1.5751674496932377,INDEFINIDO
4.376515783242596,0.8714889922035363,HIGH
1.5663004932590112,1.41443871937203,INDEFINIDO
3.7463259671043656,4.552200099519954,HIGH
4.148509198186676,0.10825792419586265,HIGH
2.2570544932850467,0.5388706095038046,HIGH
2.708809068478573,2.556870832689758,HIGH
0.5160019712762534,0.35202314654753725,LOW
1.2173607013137904,0.35553420199685193,LOW
0.03954347695938698,1.6537854001662937,INDEFINIDO
3.9948791365842697,3.4172814455247873,HIGH
3.6298893848208538,3.679246231936351,HIGH
1.5415226866924097,1.8122002141705247,INDEFINIDO
4.9470002600774095,2.9661404412925036,HIGH
2.792399338164894,2.934756195160075,HIGH
1.906647911963779,1.8159093190295703,INDEFINIDO
1.2684683958639256,4.355879290944638,HIGH
1.8340025093668848,3.050656682995827,INDEFINIDO
1.5315218103267683,1.654712646451244,INDEFINIDO
0.4518833159027172,1.2628241591399447,LOW
2.9076911810249393,0.20940654331354705,HIGH
1.8931564683069113,4.565655515546869,INDEFINIDO
2.7575108926844902,0.22461845690299292,HIGH
1.7339839570653972,1.8807324022157523,INDEFINIDO
1.5968332775247078,4.751450777661347,INDEFINIDO
3.1415861157148974,0.6156288767309851,HIGH
1.097915595035441,1.872171986817674,INDEFINIDO
0.7519375383657477,3.966153651091217,HIGH
3.395264887245475,0.6550203101729196,HIGH
1.1552807579695938,4.0009406629006925,HIGH
3.0719745611897316,1.1721846571473558,HIGH
0.10220679947641152,4.1372190408345135,HIGH
2.3838395587235945,0.9752473009639258,HIGH
0.9218166703909646,0.7289322547232643,LOW
1.021757923485212,1.71043086798716,INDEFINIDO
0.5207829615201486,1.429236555617394,INDEFINIDO
1.0758701343684853,1.1807529679350353,LOW
1.882780747600229,1.8077404470799747,INDEFINIDO
4.588670483967713,0.21255815505972325,HIGH
2.654463581044231,0.42140125015344304,HIGH
0.879945997715747,1.8552560361004864,INDEFINIDO
4.9914252398811545,4.128168253178819,HIGH
2.8207729638601746,0.4627150268172521,HIGH
2.1028380051641915,2.521520286717215,HIGH
1.001917939707994,3.43174940530465,HIGH
1.7407611301900094,1.4148226961001127,INDEFINIDO
4.349997384842601,0.7613549203903137,HIGH
0.2997366401711585,3.627508452436113,HIGH
2.1516415585390085,1.055661252131203,HIGH
1.6876496959368563,3.4588462721686186,INDEFINIDO
0.8528065018369962,1.6313091799055404,INDEFINIDO
4.467396728751493,2.459448423901828,HIGH
0.7019327749713793,1.5739373723742913,INDEFINIDO
0.3064033106999245,1.4649533947574684,INDEFINIDO
1.231177794664167,1.904702918938837,INDEFINIDO
0.40754398009428383,1.5533759601427963,INDEFINIDO
4.469967506995195,0.037114060073046684,HIGH
0.35058131036864565,0.20850757441263063,LOW
1.0045594504168556,4.918543002618364,HIGH
4.319030266618162,1.0906717104514994,HIGH
1.034288026962,1.454052229155555,INDEFINIDO
0.7017837819560921,1.691292908202027,INDEFINIDO
1.1017350472360434,0.80658399631718,LOW
1.3966957853668485,1.8987981755846282,INDEFINIDO
2.0300657262411375,0.21643033478444854,HIGH
1.1824049281939388,2.171225791108927,HIGH
0.6033499968782212,1.6827754623104543,INDEFINIDO
0.23564350238372458,1.84853708535187,INDEFINIDO
0.11569074426881686,2.8377340566447264,HIGH
1.7488943349356028,1.7694225337969152,INDEFINIDO
2.4112623144577814,4.411843187701484,HIGH
1.4332604597085967,3.1735882450736774,INDEFINIDO
0.7230208827381321,0.9537874280696192,LOW
1.1993460862002527,2.51233640630251,HIGH
0.45714628519298556,0.5925237625441638,LOW
2.0476342354318935,4.898213879003168,HIGH
0.09746394234573619,0.40822989884128696,LOW
1.3439162261821738,1.3982079239555245,INDEFINIDO
1.8956933397928064,1.997197551420078,INDEFINIDO
0.5867356853590039,1.164419154496118,LOW
0.31497263402300263,0.965328131895448,LOW
2.637673337303668,0.6567293685184352,HIGH
0.9945848262389243,0.9550089814154368,LOW
3.8121654303432355,2.2451697376108113,HIGH
1.4886592727691033,4.931974454035391,INDEFINIDO
2.517279254825085,3.48828635651183,HIGH
1.147114411885505,4.814810923078217,HIGH
3.0732177332629553,0.31568111062757453,HIGH
1.797546927858209,3.174262053535054,INDEFINIDO
2.5956013441307793,4.246027822854977,HIGH
0.35365055577733545,1.293332136301879,LOW
0.9380019469308503,4.5713837192109175,HIGH
1.6534711460456832,1.8931091886749045,INDEFINIDO
3.2461207506125875,4.684300133473884,HIGH
0.8604429808381044,1.3550597446761945,INDEFINIDO
1.7194225031749601,4.7526507711627595,INDEFINIDO
1.0732243667458714,3.8925153203586302,HIGH
0.7096374421526037,2.2395823896229192,HIGH
1.772780568394961,4.6248163663095045,INDEFINIDO
3.9834722609041378,0.6388637882154824,HIGH
0.8901781692349855,4.694079779058917,HIGH
0.21952388481035348,0.36794727520822235,LOW
0.3411497715209437,1.9027048926439218,INDEFINIDO
3.886215777948851,2.058282474713498,HIGH
3.348767683181513,0.20996223122272986,HIGH
1.6065921542446937,1.9144311862990353,INDEFINIDO
1.8137353412654256,3.6896079567107347,INDEFINIDO
4.467160809914842,0.8495540412710041,HIGH
3.503720544797678,4.5268608052338255,HIGH
1.0400978391841578,1.134382936102028,LOW
1.667721062069692,1.7593830088601776,INDEFINIDO
3.77760635464671,3.0021378153944545,HIGH
1.5750817208037513,1.303890788492568,INDEFINIDO
1.2628637697004859,1.6777084606054518,INDEFINIDO
0.7777020165206681,4.669842995012451,HIGH
0.5334117112013849,0.33930123639951454,LOW
3.517862781209063,0.7632084069733109,HIGH
1.4748992943193093,1.8228213399614286,INDEFINIDO
4.75034224389359,3.1223670088590496,HIGH
1.310664567244325,3.0499919977297187,INDEFINIDO
0.5997776690281277,0.2257031968903429,LOW
0.07503287307859537,0.08506166515176565,LOW
1.087952699990084,1.8247352688614922,INDEFINIDO
2.2064052639553164,3.943726430746765,HIGH
1.3243524344711033,3.6592025726724677,INDEFINIDO
1.250523070756902,1.3347689871938209,INDEFINIDO
1.3529534233492444,3.399374768760225,INDEFINIDO
1.9735603160225206,1.4862365532302264,INDEFINIDO
1.2459069259107227,0.8146466565326114,LOW
1.0596542837777478,1.4501781451051503,INDEFINIDO
0.8061075400266888,1.3344546601558223,INDEFINIDO
0.5019522129742615,3.4766116934669204,HIGH
1.2191142650584412,0.4451060665704167,LOW
2.3689675562618677,4.341529845174856,HIGH
0.671027884265831,1.1600847213782044,LOW
0.4452109897363256,2.2548903237802556,HIGH
3.6330334697465023,0.9476306595228061,HIGH
0.7073436665643524,2.771197804141763,HIGH
1.0551727183068402,1.0583472337018847,LOW
1.9424003003850827,4.849346798393376,INDEFINIDO
1.0476933575956866,0.23857513029110278,LOW
1.8970997981024875,1.4778950313138677,INDEFINIDO
3.319201570129918,1.0531064900212108,HIGH
1.4917028731866406,1.7486513349073864,INDEFINIDO
0.14237884783079185,1.413703497155522,INDEFINIDO
4.875590553907603,1.1701583000434146,HIGH
0.3580069822008732,0.3561966194849817,LOW
1.524645710289094,3.3414756984225447,INDEFINIDO
1.6866166158095246,2.936580815868816,INDEFINIDO
3.493635015193098,0.23460073059742154,HIGH
1.1822700076526615,1.3289681463418956,INDEFINIDO
1.2048149169210323,0.05131630191555157,LOW
0.08536880294750301,0.36967129802767273,LOW
0.7433368684296777,1.7391550216420302,INDEFINIDO
1.349171845809731,2.3190197751763986,INDEFINIDO
3.919233199542628,3.1072505375366406,HIGH
0.502706695665511,1.6804744692765328,INDEFINIDO
4.453392303058173,4.039824815406972,HIGH
4.062351769628361,1.2777719457342644,HIGH
4.8512383788305184,2.0252831831221165,HIGH
1.601062106332508,2.79047149981019,INDEFINIDO
0.06778214680043218,0.25269924393622023,LOW
0.46862769044770153,1.0824860460195773,LOW
0.4177977583757575,1.7131527863793183,INDEFINIDO
0.8008534783661807,1.5490573565213066,INDEFINIDO
3.216810993873042,0.9000277784563864,HIGH
0.7329359640227759,0.955263058576037,LOW
1.0625320089877404,1.6065629114446967,INDEFINIDO
3.770937085479577,1.144112093686291,HIGH
0.5387328119372908,4.466000963513611,HIGH
1.7621209737893324,4.153643899670232,INDEFINIDO
1.2943472630295234,3.7991111885853024,HIGH
0.3752664811911847,0.032641740917832666,LOW
3.9245760586611125,4.3130291166375985,HIGH
1.786882350945874,1.9369004110647399,INDEFINIDO
1.8315918049564948,1.7469786235099907,INDEFINIDO
4.638643775212749,2.319608799780885,HIGH
0.8855784049058383,1.8602134888071955,INDEFINIDO
2.9954124687429338,0.4268915092631138,HIGH
4.8849130096814095,0.14828240394739978,HIGH
0.48779508189496695,1.3168171836682572,INDEFINIDO
0.9894217871521942,0.7593787384360511,LOW
0.9181055433309366,1.8837350408714584,INDEFINIDO
1.640324121987725,1.6512091285582335,INDEFINIDO
1.8338177326206264,2.220455306215708,INDEFINIDO
1.3728956923944597,1.7650133175004623,INDEFINIDO
0.19151658912156025,1.8740418393077367,INDEFINIDO
2.7703330896832203,3.9887136183902756,HIGH
1.710749010810456,2.0364703740445096,INDEFINIDO
3.3158680591645266,1.0448636647090699,HIGH
0.48108041497606246,0.48655892422725044,LOW
0.14922348290956997,1.8193696775651862,INDEFINIDO
0.42714057396966726,1.7391697870762393,INDEFINIDO
0.15700571875871075,3.8768985878591806,HIGH
2.1909906763244185,0.9729514636979497,HIGH
1.5974079053930486,3.37434195573336,INDEFINIDO
4.49179460397327,4.296230357555593,HIGH
1.1849812819964407,3.230510605660689,HIGH
0.029966880482845116,4.793733240031996,HIGH
3.194540844374033,0.44263522613407874,HIGH
4.616571277318489,0.49904174175272853,HIGH
1.1436973571397837,4.543981781562148,HIGH
0.9618693756797496,0.4656437013771852,LOW
0.45377394003593613,1.6194545469543868,INDEFINIDO
3.5467746652172782,3.4140881349066614,HIGH
1.1396220165651967,2.400773030613953,HIGH
1.403674498450208,1.7881548359066368,INDEFINIDO
0.4238664753490802,0.7035027647416725,LOW
0.8151820278581398,3.185844451710124,HIGH
1.1231691175275185,0.46589538075606335,LOW
4.359120892386534,2.197226314095422,HIGH
4.079339388366568,1.171063893750613,HIGH
1.698790992177618,2.8108071472456757,INDEFINIDO
0.7022191789826461,1.9255186027078453,INDEFINIDO
0.6723261587411069,0.66491232144969,LOW
1.6873706793193213,1.9406128345533686,INDEFINIDO
1.6059593282041533,2.539956445828873,INDEFINIDO
0.48827941182773105,3.3247560421374303,HIGH
4.166886370859838,4.114059314404913,HIGH
3.9638138755604513,4.824234600561306,HIGH
0.5276645311393057,3.0421116223029223,HIGH
1.9153844050933087,1.9277328131479363,INDEFINIDO
2.2533569813922725,0.0771441399962342,HIGH
2.3476907664958273,2.868351135179225,HIGH
0.41722964869674173,1.7724741587256352,INDEFINIDO
1.376255992276006,1.6371101835211814,INDEFINIDO
1.6594118662398156,1.9238843967562915,INDEFINIDO
1.0034409052221807,4.719048654065316,HIGH
0.8165331099496743,1.5901313563450343,INDEFINIDO
1.386591077854472,2.4971084906091043,INDEFINIDO
1.7441661934423742,3.225840490430236,INDEFINIDO
2.7254972227589738,3.246282518621479,HIGH
4.593783573641916,0.10485088093217627,HIGH
3.3680364742671642,4.370376642041195,HIGH
1.9928395539201165,1.4945400826063495,INDEFINIDO
2.252714357942968,3.140923036327468,HIGH
1.1612379520413334,2.3029301348279128,HIGH
1.3307755481085621,1.838735335739217,INDEFINIDO
0.5307128064561882,0.1852659548374054,LOW
3.7837642207712068,0.7985606877960776,HIGH
1.7451193943190677,3.4569684586366933,INDEFINIDO
4.067128100800816,0.5929721367896316,HIGH
1.0812900729678883,0.9818205033747572,LOW
3.7999665632902033,0.06712962949772429,HIGH
1.472301524628626,1.3689861349208203,INDEFINIDO
0.6064859437638809,0.04599641255943689,LOW
1.5448316512979752,1.385195960302951,INDEFINIDO
0.9397729293521695,1.8890160875725985,INDEFINIDO
1.2027771320019958,0.6173723334924955,LOW
1.8529531879805925,1.4407313959898105,INDEFINIDO
0.5930559139916994,3.757971118511286,HIGH
0.5433702221111627,1.710617998683054,INDEFINIDO
1.0296210694010648,3.0629073781933354,HIGH
0.682945600075165,3.4911416765404444,HIGH
2.914623520853007,0.405268664886664,HIGH
1.406208251091976,2.4089761728223085,INDEFINIDO
4.333159569947512,2.449587506199461,HIGH
1.3677260882073872,1.5568081315088156,INDEFINIDO
0.9966639500741374,2.036828441701402,HIGH
0.7010631880056654,1.5807515187216672,INDEFINIDO
1.9572227453053292,1.8961328364717016,INDEFINIDO
1.5059340952646867,1.3355325963143574,INDEFINIDO
2.0738831082723683,3.1198075314293114,HIGH
1.9026534822146883,2.8162845935837515,INDEFINIDO
1.63902348142145,1.8177736653154968,INDEFINIDO
0.018611312663563886,1.9074415702627439,INDEFINIDO
1.4730586742746272,3.798502163736448,INDEFINIDO
1.550845018916012,3.7270741782379506,INDEFINIDO
0.772776231878665,1.5631382051352047,INDEFINIDO
1.8338390449706905,3.2465566943284054,INDEFINIDO
1.417211324650949,1.701176991640102,INDEFINIDO
2.538915105130815,2.99168365613627,HIGH
0.4690146513961021,1.8318994707579495,INDEFINIDO
1.6520436916173438,1.3919842021422548,INDEFINIDO
3.5179212029404994,2.349012387156785,HIGH
4.52481131090217,3.638817497804821,HIGH
2.3258269644621015,0.8562280114655291,HIGH
1.174010861575373,0.4132749094361769,LOW
0.38060362317608376,4.5893471122458696,HIGH
0.9096423257052503,4.6748153977707325,HIGH
1.3550017913084706,4.971788602937249,INDEFINIDO
1.984001331256814,1.3275169666845588,INDEFINIDO
